"filename", "language", "TypeScript", "TypeScript JSX", "JSON", "JSON with Comments", "JavaScript", "XML", "Log", "comment", "blank", "total"
"/Users/arharutyunyan/Desktop/yvnow/App.tsx", "TypeScript JSX", 0, 17, 0, 0, 0, 0, 0, 0, 2, 19
"/Users/arharutyunyan/Desktop/yvnow/app.json", "JSON", 0, 0, 75, 0, 0, 0, 0, 0, 1, 76
"/Users/arharutyunyan/Desktop/yvnow/assets/Icon_calendar.svg", "XML", 0, 0, 0, 0, 0, 9, 0, 0, 1, 10
"/Users/arharutyunyan/Desktop/yvnow/assets/eye-svgrepo-com.svg", "XML", 0, 0, 0, 0, 0, 5, 0, 0, 0, 5
"/Users/arharutyunyan/Desktop/yvnow/assets/images.ts", "TypeScript", 8, 0, 0, 0, 0, 0, 0, 0, 2, 10
"/Users/arharutyunyan/Desktop/yvnow/assets/lottie/Animation - 1713287526442.json", "JSON", 0, 0, 1, 0, 0, 0, 0, 0, 0, 1
"/Users/arharutyunyan/Desktop/yvnow/assets/lottie/animated_marker.json", "JSON", 0, 0, 1, 0, 0, 0, 0, 0, 0, 1
"/Users/arharutyunyan/Desktop/yvnow/assets/lottie/load_more.json", "JSON", 0, 0, 1, 0, 0, 0, 0, 0, 0, 1
"/Users/arharutyunyan/Desktop/yvnow/assets/lottie/loading.json", "JSON", 0, 0, 1, 0, 0, 0, 0, 0, 0, 1
"/Users/arharutyunyan/Desktop/yvnow/assets/lottie/no_data.json", "JSON", 0, 0, 1, 0, 0, 0, 0, 0, 0, 1
"/Users/arharutyunyan/Desktop/yvnow/assets/lottie/subsurface_out.log", "Log", 0, 0, 0, 0, 0, 0, 25, 0, 5, 30
"/Users/arharutyunyan/Desktop/yvnow/assets/marke_lottie.json", "JSON", 0, 0, 1, 0, 0, 0, 0, 0, 0, 1
"/Users/arharutyunyan/Desktop/yvnow/assets/no-internet.svg", "XML", 0, 0, 0, 0, 0, 1, 0, 0, 0, 1
"/Users/arharutyunyan/Desktop/yvnow/babel.config.js", "JavaScript", 0, 0, 0, 0, 7, 0, 0, 0, 1, 8
"/Users/arharutyunyan/Desktop/yvnow/eas.json", "JSON", 0, 0, 30, 0, 0, 0, 0, 0, 2, 32
"/Users/arharutyunyan/Desktop/yvnow/google-services.json", "JSON", 0, 0, 29, 0, 0, 0, 0, 0, 0, 29
"/Users/arharutyunyan/Desktop/yvnow/index.js", "JavaScript", 0, 0, 0, 0, 3, 0, 0, 3, 3, 9
"/Users/arharutyunyan/Desktop/yvnow/metro.config.js", "JavaScript", 0, 0, 0, 0, 3, 0, 0, 2, 3, 8
"/Users/arharutyunyan/Desktop/yvnow/package-lock.json", "JSON", 0, 0, 18237, 0, 0, 0, 0, 0, 1, 18238
"/Users/arharutyunyan/Desktop/yvnow/package.json", "JSON", 0, 0, 73, 0, 0, 0, 0, 0, 1, 74
"/Users/arharutyunyan/Desktop/yvnow/src/components/ButtomSheetFilters/ButtomSheetFilters.tsx", "TypeScript JSX", 0, 319, 0, 0, 0, 0, 0, 1, 16, 336
"/Users/arharutyunyan/Desktop/yvnow/src/components/ButtomSheetFilters/colorScheme.ts", "TypeScript", 19, 0, 0, 0, 0, 0, 0, 0, 3, 22
"/Users/arharutyunyan/Desktop/yvnow/src/components/Button/Button.tsx", "TypeScript JSX", 0, 57, 0, 0, 0, 0, 0, 0, 4, 61
"/Users/arharutyunyan/Desktop/yvnow/src/components/EventCard/EventCart.tsx", "TypeScript JSX", 0, 158, 0, 0, 0, 0, 0, 0, 7, 165
"/Users/arharutyunyan/Desktop/yvnow/src/components/EventCard/Slider2.tsx", "TypeScript JSX", 0, 42, 0, 0, 0, 0, 0, 0, 4, 46
"/Users/arharutyunyan/Desktop/yvnow/src/components/FilterTag/FilterTag.tsx", "TypeScript JSX", 0, 45, 0, 0, 0, 0, 0, 0, 5, 50
"/Users/arharutyunyan/Desktop/yvnow/src/components/FiltersActionsSheet/FilterActionsSheet.tsx", "TypeScript JSX", 0, 182, 0, 0, 0, 0, 0, 0, 10, 192
"/Users/arharutyunyan/Desktop/yvnow/src/components/HighlightsContacts/CallByPhoneNumber/CallByPhoneNumber.tsx", "TypeScript JSX", 0, 44, 0, 0, 0, 0, 0, 0, 5, 49
"/Users/arharutyunyan/Desktop/yvnow/src/components/HighlightsContacts/OpenInstagram.tsx", "TypeScript JSX", 0, 24, 0, 0, 0, 0, 0, 0, 3, 27
"/Users/arharutyunyan/Desktop/yvnow/src/components/HighlightsContacts/OpenInstagram/OpenInstagram.tsx", "TypeScript JSX", 0, 38, 0, 0, 0, 0, 0, 0, 6, 44
"/Users/arharutyunyan/Desktop/yvnow/src/components/Loader/Loader.tsx", "TypeScript JSX", 0, 21, 0, 0, 0, 0, 0, 0, 4, 25
"/Users/arharutyunyan/Desktop/yvnow/src/components/Map/Cluster/ClusterMarker.tsx", "TypeScript JSX", 0, 43, 0, 0, 0, 0, 0, 7, 4, 54
"/Users/arharutyunyan/Desktop/yvnow/src/components/Map/Cluster/MarkerWithCluster.tsx", "TypeScript JSX", 0, 18, 0, 0, 0, 0, 0, 0, 2, 20
"/Users/arharutyunyan/Desktop/yvnow/src/components/Map/Cluster/getCluster.tsx", "TypeScript JSX", 0, 31, 0, 0, 0, 0, 0, 0, 6, 37
"/Users/arharutyunyan/Desktop/yvnow/src/components/Map/CustomMap.tsx", "TypeScript JSX", 0, 101, 0, 0, 0, 0, 0, 1, 11, 113
"/Users/arharutyunyan/Desktop/yvnow/src/components/Map/MapMarker/CustomMarker.tsx", "TypeScript JSX", 0, 143, 0, 0, 0, 0, 0, 2, 10, 155
"/Users/arharutyunyan/Desktop/yvnow/src/components/Map/customMapStyle.ts", "TypeScript", 161, 0, 0, 0, 0, 0, 0, 0, 0, 161
"/Users/arharutyunyan/Desktop/yvnow/src/components/Map/mapStyles/aubergine.ts", "TypeScript", 267, 0, 0, 0, 0, 0, 0, 0, 1, 268
"/Users/arharutyunyan/Desktop/yvnow/src/components/Map/mapStyles/dark.ts", "TypeScript", 220, 0, 0, 0, 0, 0, 0, 0, 1, 221
"/Users/arharutyunyan/Desktop/yvnow/src/components/Map/mapStyles/standard.ts", "TypeScript", 36, 0, 0, 0, 0, 0, 0, 0, 1, 37
"/Users/arharutyunyan/Desktop/yvnow/src/components/MiniProfile/MiniProfile.tsx", "TypeScript JSX", 0, 70, 0, 0, 0, 0, 0, 0, 9, 79
"/Users/arharutyunyan/Desktop/yvnow/src/components/NoData/NoData.tsx", "TypeScript JSX", 0, 26, 0, 0, 0, 0, 0, 0, 3, 29
"/Users/arharutyunyan/Desktop/yvnow/src/components/Skeleton/EventCartSkeleton/EventCartSkeleton.tsx", "TypeScript JSX", 0, 19, 0, 0, 0, 0, 0, 0, 6, 25
"/Users/arharutyunyan/Desktop/yvnow/src/components/Skeleton/EventCartSkeleton/EventCartSkeletonWrapper.tsx", "TypeScript JSX", 0, 19, 0, 0, 0, 0, 0, 0, 6, 25
"/Users/arharutyunyan/Desktop/yvnow/src/components/SkeletonLoader/SkeletonCard/SkeletonCard.tsx", "TypeScript JSX", 0, 28, 0, 0, 0, 0, 0, 0, 3, 31
"/Users/arharutyunyan/Desktop/yvnow/src/components/SkeletonLoader/SkeletonLoader.tsx", "TypeScript JSX", 0, 27, 0, 0, 0, 0, 0, 0, 5, 32
"/Users/arharutyunyan/Desktop/yvnow/src/components/SlideFromRight/SlideFromRight.tsx", "TypeScript JSX", 0, 41, 0, 0, 0, 0, 0, 0, 10, 51
"/Users/arharutyunyan/Desktop/yvnow/src/components/Slider.tsx", "TypeScript JSX", 0, 72, 0, 0, 0, 0, 0, 0, 10, 82
"/Users/arharutyunyan/Desktop/yvnow/src/components/Svg/Svg.tsx", "TypeScript JSX", 0, 226, 0, 0, 0, 0, 0, 0, 10, 236
"/Users/arharutyunyan/Desktop/yvnow/src/constants/server.ts", "TypeScript", 22, 0, 0, 0, 0, 0, 0, 1, 3, 26
"/Users/arharutyunyan/Desktop/yvnow/src/constants/styles.ts", "TypeScript", 34, 0, 0, 0, 0, 0, 0, 0, 2, 36
"/Users/arharutyunyan/Desktop/yvnow/src/helpers/helper.ts", "TypeScript", 86, 0, 0, 0, 0, 0, 0, 3, 20, 109
"/Users/arharutyunyan/Desktop/yvnow/src/hook/reduxHooks.ts", "TypeScript", 7, 0, 0, 0, 0, 0, 0, 0, 4, 11
"/Users/arharutyunyan/Desktop/yvnow/src/hook/themeMode.ts", "TypeScript", 26, 0, 0, 0, 0, 0, 0, 0, 5, 31
"/Users/arharutyunyan/Desktop/yvnow/src/hook/translatedRoutes.ts", "TypeScript", 27, 0, 0, 0, 0, 0, 0, 0, 2, 29
"/Users/arharutyunyan/Desktop/yvnow/src/hook/translationHook.ts", "TypeScript", 10, 0, 0, 0, 0, 0, 0, 0, 4, 14
"/Users/arharutyunyan/Desktop/yvnow/src/locales/am/am.json", "JSON", 0, 0, 40, 0, 0, 0, 0, 0, 1, 41
"/Users/arharutyunyan/Desktop/yvnow/src/locales/en/en.json", "JSON", 0, 0, 41, 0, 0, 0, 0, 0, 1, 42
"/Users/arharutyunyan/Desktop/yvnow/src/locales/ru/ru.json", "JSON", 0, 0, 40, 0, 0, 0, 0, 0, 1, 41
"/Users/arharutyunyan/Desktop/yvnow/src/pages/EventDetails/CustomerInfoCard/CustomerInfoCard.tsx", "TypeScript JSX", 0, 93, 0, 0, 0, 0, 0, 0, 4, 97
"/Users/arharutyunyan/Desktop/yvnow/src/pages/EventDetails/EventDetails.tsx", "TypeScript JSX", 0, 285, 0, 0, 0, 0, 0, 2, 6, 293
"/Users/arharutyunyan/Desktop/yvnow/src/pages/NoInternet/NoInternet.tsx", "TypeScript JSX", 0, 4, 0, 0, 0, 0, 0, 0, 2, 6
"/Users/arharutyunyan/Desktop/yvnow/src/pages/PartnerProfile/About/About.tsx", "TypeScript JSX", 0, 97, 0, 0, 0, 0, 0, 1, 8, 106
"/Users/arharutyunyan/Desktop/yvnow/src/pages/PartnerProfile/EventCardSmall/EventCardSmall.tsx", "TypeScript JSX", 0, 135, 0, 0, 0, 0, 0, 0, 4, 139
"/Users/arharutyunyan/Desktop/yvnow/src/pages/PartnerProfile/PartnerProfile.tsx", "TypeScript JSX", 0, 276, 0, 0, 0, 0, 0, 1, 12, 289
"/Users/arharutyunyan/Desktop/yvnow/src/pages/Route/Route.tsx", "TypeScript JSX", 0, 16, 0, 0, 0, 0, 0, 0, 4, 20
"/Users/arharutyunyan/Desktop/yvnow/src/pages/Route/StackRout/StackRout.tsx", "TypeScript JSX", 0, 123, 0, 0, 0, 0, 0, 5, 9, 137
"/Users/arharutyunyan/Desktop/yvnow/src/pages/Route/TabRout/TabRout.tsx", "TypeScript JSX", 0, 127, 0, 0, 0, 0, 0, 0, 7, 134
"/Users/arharutyunyan/Desktop/yvnow/src/pages/Settings/Languages/Language/Language.tsx", "TypeScript JSX", 0, 61, 0, 0, 0, 0, 0, 0, 7, 68
"/Users/arharutyunyan/Desktop/yvnow/src/pages/Settings/Languages/Languages.tsx", "TypeScript JSX", 0, 55, 0, 0, 0, 0, 0, 1, 5, 61
"/Users/arharutyunyan/Desktop/yvnow/src/pages/Settings/Settings.tsx", "TypeScript JSX", 0, 17, 0, 0, 0, 0, 0, 0, 5, 22
"/Users/arharutyunyan/Desktop/yvnow/src/pages/Settings/ThemeMode/ThemeMode.tsx", "TypeScript JSX", 0, 44, 0, 0, 0, 0, 0, 0, 5, 49
"/Users/arharutyunyan/Desktop/yvnow/src/pages/Settings/ThemeMode/ThemeSelector/ThemeSelector.tsx", "TypeScript JSX", 0, 54, 0, 0, 0, 0, 0, 0, 9, 63
"/Users/arharutyunyan/Desktop/yvnow/src/pages/TodayEvents/EventsFlashList/EventFlashList.tsx", "TypeScript JSX", 0, 63, 0, 0, 0, 0, 0, 0, 9, 72
"/Users/arharutyunyan/Desktop/yvnow/src/pages/TodayEvents/TodayEvents.tsx", "TypeScript JSX", 0, 113, 0, 0, 0, 0, 0, 0, 13, 126
"/Users/arharutyunyan/Desktop/yvnow/src/pages/TodayEvents/switchButtons.enum.ts", "TypeScript", 12, 0, 0, 0, 0, 0, 0, 0, 1, 13
"/Users/arharutyunyan/Desktop/yvnow/src/routes/routes.ts", "TypeScript", 8, 0, 0, 0, 0, 0, 0, 0, 1, 9
"/Users/arharutyunyan/Desktop/yvnow/src/services/EventCachingService/EventCachingService.tsx", "TypeScript JSX", 0, 71, 0, 0, 0, 0, 0, 10, 17, 98
"/Users/arharutyunyan/Desktop/yvnow/src/services/EventService/EventService.ts", "TypeScript", 73, 0, 0, 0, 0, 0, 0, 1, 7, 81
"/Users/arharutyunyan/Desktop/yvnow/src/services/FilterService/FilterService.ts", "TypeScript", 75, 0, 0, 0, 0, 0, 0, 0, 7, 82
"/Users/arharutyunyan/Desktop/yvnow/src/services/Http/HttpService.ts", "TypeScript", 43, 0, 0, 0, 0, 0, 0, 0, 9, 52
"/Users/arharutyunyan/Desktop/yvnow/src/store/index.ts", "TypeScript", 21, 0, 0, 0, 0, 0, 0, 0, 3, 24
"/Users/arharutyunyan/Desktop/yvnow/src/store/reducer/event/eventReducer.ts", "TypeScript", 35, 0, 0, 0, 0, 0, 0, 0, 5, 40
"/Users/arharutyunyan/Desktop/yvnow/src/store/reducer/eventDetails/eventDetailsReducer.ts", "TypeScript", 36, 0, 0, 0, 0, 0, 0, 0, 5, 41
"/Users/arharutyunyan/Desktop/yvnow/src/store/reducer/filter/filterReducer.ts", "TypeScript", 154, 0, 0, 0, 0, 0, 0, 0, 8, 162
"/Users/arharutyunyan/Desktop/yvnow/src/store/reducer/loading/loadingSlice.ts", "TypeScript", 31, 0, 0, 0, 0, 0, 0, 0, 6, 37
"/Users/arharutyunyan/Desktop/yvnow/src/store/reducer/query/querySlice.tsx", "TypeScript JSX", 0, 31, 0, 0, 0, 0, 0, 0, 4, 35
"/Users/arharutyunyan/Desktop/yvnow/src/store/reducer/theme/actions.ts", "TypeScript", 16, 0, 0, 0, 0, 0, 0, 0, 2, 18
"/Users/arharutyunyan/Desktop/yvnow/src/store/reducer/theme/themeReducer.ts", "TypeScript", 51, 0, 0, 0, 0, 0, 0, 0, 7, 58
"/Users/arharutyunyan/Desktop/yvnow/src/store/reducer/translation/action.ts", "TypeScript", 24, 0, 0, 0, 0, 0, 0, 0, 2, 26
"/Users/arharutyunyan/Desktop/yvnow/src/store/reducer/translation/translation.ts", "TypeScript", 32, 0, 0, 0, 0, 0, 0, 0, 8, 40
"/Users/arharutyunyan/Desktop/yvnow/src/store/reducer/translation/types.ts", "TypeScript", 5, 0, 0, 0, 0, 0, 0, 0, 1, 6
"/Users/arharutyunyan/Desktop/yvnow/src/store/reducer/types.ts", "TypeScript", 2, 0, 0, 0, 0, 0, 0, 0, 1, 3
"/Users/arharutyunyan/Desktop/yvnow/src/store/reducer/user/user.ts", "TypeScript", 48, 0, 0, 0, 0, 0, 0, 0, 4, 52
"/Users/arharutyunyan/Desktop/yvnow/src/types/event.type.ts", "TypeScript", 39, 0, 0, 0, 0, 0, 0, 0, 4, 43
"/Users/arharutyunyan/Desktop/yvnow/src/types/filter.type.ts", "TypeScript", 4, 0, 0, 0, 0, 0, 0, 0, 2, 6
"/Users/arharutyunyan/Desktop/yvnow/src/types/yvnow.code-workspace", "JSON with Comments", 0, 0, 0, 11, 0, 0, 0, 0, 0, 11
"/Users/arharutyunyan/Desktop/yvnow/tsconfig.json", "JSON with Comments", 0, 0, 0, 23, 0, 0, 0, 0, 1, 24
"/Users/arharutyunyan/Desktop/yvnow/yvnow-d6f63-6f2fad3041d8.json", "JSON", 0, 0, 13, 0, 0, 0, 0, 0, 1, 14
"Total", "-", 1632, 3476, 18584, 34, 13, 15, 25, 41, 445, 24265